Isolate.ID,DirTax_Class,Cluster.x,data,TotalIso.x,Inhibitory.x,NonInhibitory.x,Null,Contam,prop.inhib,prop.noninhib,prop.na,prop.contam,Closest_Cluster,Inhibition,DirTax_Phylum,Cluster.y,TotalIso.y,Inhibitory.y,NonInhibitory.y
Mada.1,Actinobacteria,519,,6,3,3,0,0,50,50,0,0,NA,Inhibitory,Actinobacteria,519,,4,1
Mada.100,Flavobacteriia,520,,3,3,0,0,0,100,0,0,0,0.2181127055338033,Inhibitory,Bacteroidetes,520,,NA,NA
Mada.1002,Actinobacteria,521,,2,0,2,0,0,0,100,0,0,0.029178981187104807,Inhibitory,Actinobacteria,521,,NA,NA
Mada.1007,Flavobacteriia,523,,4,2,0,2,0,50,0,50,0,0.2181127055338033,Inhibitory,Bacteroidetes,523,,NA,NA
Mada.1084,Actinobacteria,527,,1,1,0,0,0,100,0,0,0,NA,Inhibitory,Actinobacteria,527,,NA,NA
Mada.1116,Actinobacteria,1012,,1,0,1,0,0,0,100,0,0,0.03930472205319513,NonInhibitory,Actinobacteria,1012,,NA,NA
Mada.1119,Actinobacteria,529,,13,8,4,1,0,61.53846153846154,30.76923076923077,7.6923076923076925,0,0.029178981187104807,Inhibitory,Actinobacteria,529,,9,2
Mada.1127,Actinobacteria,530,,3,0,2,1,0,0,66.66666666666666,33.33333333333333,0,0.009594243810637363,NonInhibitory,Actinobacteria,530,,NA,NA
Mada.1132,Bacilli,531,,3,0,3,0,0,0,100,0,0,0.11223486748816469,NonInhibitory,Firmicutes,531,,NA,NA
Mada.1147,Actinobacteria,1015,,1,0,1,0,0,0,100,0,0,0.009594243810637363,NonInhibitory,Actinobacteria,1015,,NA,NA
Mada.1166,Alphaproteobacteria,948,,9,6,3,0,0,66.66666666666666,33.33333333333333,0,0,0.1484199306765846,Inhibitory,Proteobacteria,948,,7,1
Mada.117,Actinobacteria,534,,1,0,1,0,0,0,100,0,0,0.04878370208537284,Inhibitory,Actinobacteria,534,,NA,NA
Mada.118,Betaproteobacteria,832,,2,0,2,0,0,0,100,0,0,0.0800519808431103,Inhibitory,Proteobacteria,832,,NA,NA
Mada.1183,Actinobacteria,1016,,4,1,1,2,0,25,25,50,0,0.009594243810637363,NonInhibitory,Actinobacteria,1016,,NA,NA
Mada.1187,Actinobacteria,1017,,1,0,0,1,0,0,0,100,0,0.07036102839653707,NonInhibitory,Actinobacteria,1017,,NA,NA
Mada.1189,Alphaproteobacteria,949,,2,0,2,0,0,0,100,0,0,0.10177258839965977,NonInhibitory,Proteobacteria,949,,NA,NA
Mada.1193,Alphaproteobacteria,1265,,2,0,0,2,0,0,0,100,0,0.10177258839965977,Inhibitory,Proteobacteria,1265,,NA,NA
Mada.1194,Actinobacteria,1007,,1,1,0,0,0,100,0,0,0,0.009594243810637363,NonInhibitory,Actinobacteria,1007,,NA,NA
Mada.1196,Actinobacteria,1019,,1,0,1,0,0,0,100,0,0,0.009594243810637363,NonInhibitory,Actinobacteria,1019,,NA,NA
Mada.1198,Actinobacteria,1008,,9,6,2,1,0,66.66666666666666,22.22222222222222,11.11111111111111,0,0.019249182349643845,Inhibitory,Actinobacteria,1008,,7,1
Mada.1216,Alphaproteobacteria,950,,4,0,4,0,0,0,100,0,0,0.01915019210494203,NonInhibitory,Proteobacteria,950,,NA,NA
Mada.122,Alphaproteobacteria,395,,4,1,3,0,0,25,75,0,0,0.08055119721559012,Inhibitory,Proteobacteria,395,,2,1
Mada.1228,Alphaproteobacteria,945,,1,1,0,0,0,100,0,0,0,0.0191775987018107,NonInhibitory,Proteobacteria,945,,NA,NA
Mada.1235,Actinobacteria,1010,,1,0,1,0,0,0,100,0,0,0.1021826406603695,NonInhibitory,Actinobacteria,1010,,NA,NA
Mada.124,Actinobacteria,919,,4,1,3,0,0,25,75,0,0,0.009594243810637363,NonInhibitory,Actinobacteria,919,,1,2
Mada.1249,Actinobacteria,757,,2,0,2,0,0,0,100,0,0,0.029178981187104807,NonInhibitory,Actinobacteria,757,,NA,NA
Mada.1251,Bacilli,536,,1,0,1,0,0,0,100,0,0,0.029178981187104807,NonInhibitory,Firmicutes,536,,NA,NA
Mada.1254,Bacilli,507,,1,0,1,0,0,0,100,0,0,0.009594243810637363,Inhibitory,Firmicutes,507,,NA,NA
Mada.126,Gammaproteobacteria,819,,1,0,1,0,0,0,100,0,0,0.1016071773748716,Inhibitory,Proteobacteria,819,,NA,NA
Mada.1263,Actinobacteria,835,,38,4,29,3,1,10.526315789473683,76.31578947368422,7.894736842105263,2.631578947368421,0.019249182349643845,NonInhibitory,Actinobacteria,835,,4,10
Mada.1273,Actinobacteria,836,,2,0,1,1,0,0,50,50,0,0.029178981187104807,Inhibitory,Actinobacteria,836,,NA,NA
Mada.1283,Actinobacteria,820,,1,1,0,0,0,100,0,0,0,0.029178981187104807,NonInhibitory,Actinobacteria,820,,NA,NA
Mada.1296,Actinobacteria,822,,2,2,0,0,0,100,0,0,0,0.019249182349643845,Inhibitory,Actinobacteria,822,,NA,NA
Mada.1298,Actinobacteria,839,,1,1,0,0,0,100,0,0,0,0.019249182349643845,Inhibitory,Actinobacteria,839,,NA,NA
Mada.1299,Actinobacteria,840,,1,0,1,0,0,0,100,0,0,0.009594243810637363,NonInhibitory,Actinobacteria,840,,NA,NA
Mada.1301,Actinobacteria,841,,1,1,0,0,0,100,0,0,0,0.009594243810637363,Inhibitory,Actinobacteria,841,,NA,NA
Mada.1327,Bacilli,509,,1,0,1,0,0,0,100,0,0,0.009594243810637363,NonInhibitory,Firmicutes,509,,NA,NA
Mada.134,Actinobacteria,920,,2,2,0,0,0,100,0,0,0,0.009594243810637363,NonInhibitory,Actinobacteria,920,,NA,NA
Mada.1342,Actinobacteria,823,,1,0,1,0,0,0,100,0,0,0.009594243810637363,NonInhibitory,Actinobacteria,823,,NA,NA
Mada.1343,Alphaproteobacteria,912,,1,0,0,1,0,0,0,100,0,0.04878370208537284,NonInhibitory,Proteobacteria,912,,NA,NA
Mada.1358,Gammaproteobacteria,770,,3,3,0,0,0,100,0,0,0,0.09019784606232512,Inhibitory,Proteobacteria,770,,NA,NA
Mada.1359,Actinobacteria,1058,,9,8,0,1,0,88.88888888888889,0,11.11111111111111,0,0.009594243810637363,Inhibitory,Actinobacteria,1058,,NA,NA
Mada.136,Alphaproteobacteria,396,,3,0,3,0,0,0,100,0,0,0.01915019210494203,NonInhibitory,Proteobacteria,396,,NA,NA
Mada.1365,Bacilli,510,,15,3,11,1,0,20,73.33333333333333,6.666666666666667,0,0.009594243810637363,NonInhibitory,Firmicutes,510,,3,1
Mada.1418,Actinobacteria,1230,,1,0,1,0,0,0,100,0,0,0.029178981187104807,NonInhibitory,Actinobacteria,1230,,NA,NA
Mada.1495,Gammaproteobacteria,114,,2,0,2,0,0,0,100,0,0,0.09103021820305197,NonInhibitory,Proteobacteria,114,,NA,NA
Mada.1497,Flavobacteriia,19,,1,0,1,0,0,0,100,0,0,0.019249182349643845,NonInhibitory,Bacteroidetes,19,,NA,NA
Mada.1515,Flavobacteriia,953,,4,0,1,3,0,0,25,75,0,0.019249182349643845,NonInhibitory,Bacteroidetes,953,,NA,NA
Mada.1516,Actinobacteria,1079,,1,1,0,0,0,100,0,0,0,0.029178981187104807,Inhibitory,Actinobacteria,1079,,NA,NA
Mada.1518,Actinobacteria,1064,,6,5,0,1,0,83.33333333333334,0,16.666666666666664,0,0.019249182349643845,Inhibitory,Actinobacteria,1064,,NA,NA
Mada.1523,Betaproteobacteria,737,,12,10,2,0,0,83.33333333333334,16.666666666666664,0,0,0.07982206888254785,Inhibitory,Proteobacteria,737,,NA,NA
Mada.1537,Alphaproteobacteria,771,,1,1,0,0,0,100,0,0,0,0.039195853928646725,NonInhibitory,Proteobacteria,771,,NA,NA
Mada.155,Gammaproteobacteria,824,,2,2,0,0,0,100,0,0,0,0.06921564333478349,NonInhibitory,Proteobacteria,824,,NA,NA
Mada.1553,Alphaproteobacteria,542,,1,1,0,0,0,100,0,0,0,0.01915019210494203,NonInhibitory,Proteobacteria,542,,NA,NA
Mada.1559,Gammaproteobacteria,461,,2,2,0,0,0,100,0,0,0,0.09019784606232512,Inhibitory,Proteobacteria,461,,NA,NA
Mada.1561,Gammaproteobacteria,447,,1,0,0,0,1,0,0,0,100,0.09019784606232512,Inhibitory,Proteobacteria,447,,NA,NA
Mada.1564,Actinobacteria,42,,67,4,59,0,2,5.970149253731343,88.05970149253731,0,2.9850746268656714,0.019249182349643845,NA,Actinobacteria,42,,4,18
Mada.157,Gammaproteobacteria,825,,1,1,0,0,0,100,0,0,0,0.019249182349643845,Inhibitory,Proteobacteria,825,,NA,NA
Mada.160,Gammaproteobacteria,828,,1,1,0,0,0,100,0,0,0,0.06921564333478349,NonInhibitory,Proteobacteria,828,,NA,NA
Mada.1649,Actinobacteria,249,,1,0,1,0,0,0,100,0,0,0.029178981187104807,NonInhibitory,Actinobacteria,249,,NA,NA
Mada.166,Betaproteobacteria,845,,5,2,3,0,0,40,60,0,0,0.07982206888254785,Inhibitory,Proteobacteria,845,,NA,NA
Mada.1670,Bacilli,1200,,2,0,0,2,0,0,0,100,0,0.009594243810637363,Inhibitory,Firmicutes,1200,,NA,NA
Mada.168,Actinobacteria,922,,1,1,0,0,0,100,0,0,0,0.029178981187104807,NonInhibitory,Actinobacteria,922,,NA,NA
Mada.1700,Actinobacteria,219,,3,0,3,0,0,0,100,0,0,0.058935623130406484,NonInhibitory,Actinobacteria,219,,NA,NA
Mada.1712,Actinobacteria,876,,2,0,1,1,0,0,50,50,0,0.019249182349643845,NA,Actinobacteria,876,,NA,NA
Mada.1716,Bacilli,545,,2,1,0,1,0,50,0,50,0,0.009594243810637363,NonInhibitory,Firmicutes,545,,NA,NA
Mada.1739,Actinobacteria,889,,1,1,0,0,0,100,0,0,0,0.029178981187104807,Inhibitory,Actinobacteria,889,,NA,NA
Mada.1752,Actinobacteria,877,,1,0,1,0,0,0,100,0,0,0.009594243810637363,NonInhibitory,Actinobacteria,877,,NA,NA
Mada.1759,Actinobacteria,909,,1,1,0,0,0,100,0,0,0,0.049210951519452845,Inhibitory,Actinobacteria,909,,NA,NA
Mada.1766,Actinobacteria,910,,4,0,4,0,0,0,100,0,0,0.029034015554278775,NonInhibitory,Actinobacteria,910,,NA,NA
Mada.1783,Actinobacteria,870,,1,0,0,0,0,0,0,0,0,0.01915019210494203,NonInhibitory,Actinobacteria,870,,NA,NA
Mada.1792,Alphaproteobacteria,936,,1,0,1,0,0,0,100,0,0,0.0387888067146182,Facilitating,Proteobacteria,936,,NA,NA
Mada.1793,Actinobacteria,890,,1,0,1,0,0,0,100,0,0,0.01915019210494203,Inhibitory,Actinobacteria,890,,NA,NA
Mada.180,Actinobacteria,1371,,2,2,0,0,0,100,0,0,0,0.009594243810637363,NonInhibitory,Actinobacteria,1371,,NA,NA
Mada.1808,Actinobacteria,891,,1,1,0,0,0,100,0,0,0,0.009594243810637363,NonInhibitory,Actinobacteria,891,,NA,NA
Mada.1816,Actinobacteria,892,,2,2,0,0,0,100,0,0,0,0.019249182349643845,NonInhibitory,Actinobacteria,892,,NA,NA
Mada.1817,Sphingobacteriia,797,,3,0,3,0,0,0,100,0,0,0.123281773085057,NonInhibitory,Bacteroidetes,797,,NA,NA
Mada.1826,Actinobacteria,894,,1,0,1,0,0,0,100,0,0,0.009594243810637363,NonInhibitory,Actinobacteria,894,,NA,NA
Mada.1837,Actinobacteria,879,,2,1,1,0,0,50,50,0,0,0.019249182349643845,Inhibitory,Actinobacteria,879,,2,1
Mada.184,Bacilli,546,,1,0,1,0,0,0,100,0,0,0.058935623130406484,Inhibitory,Firmicutes,546,,NA,NA
Mada.1842,Actinobacteria,880,,6,1,1,4,0,16.666666666666664,16.666666666666664,66.66666666666666,0,0.009594243810637363,Inhibitory,Actinobacteria,880,,2,1
Mada.1844,Actinobacteria,212,,6,4,0,1,0,66.66666666666666,0,16.666666666666664,0,0.019249182349643845,NA,Actinobacteria,212,,NA,NA
Mada.1849,Actinobacteria,897,,2,0,2,0,0,0,100,0,0,0.009594243810637363,Inhibitory,Actinobacteria,897,,NA,NA
Mada.1852,Bacilli,745,,2,0,2,0,0,0,100,0,0,0.10124599761785043,NonInhibitory,Firmicutes,745,,NA,NA
Mada.1853,Actinobacteria,161,,4,0,3,0,0,0,75,0,0,0.009594243810637363,NA,Actinobacteria,161,,NA,NA
Mada.1858,Gammaproteobacteria,1072,,1,1,0,0,0,100,0,0,0,0.039573998201307706,Inhibitory,Proteobacteria,1072,,NA,NA
Mada.1865,Sphingobacteriia,1093,,1,1,0,0,0,100,0,0,0,0.0612391129476996,NonInhibitory,Bacteroidetes,1093,,NA,NA
Mada.1873,Alphaproteobacteria,1209,,1,1,0,0,0,100,0,0,0,0.0387888067146182,Inhibitory,Proteobacteria,1209,,NA,NA
Mada.1883,Actinobacteria,547,,2,1,1,0,0,50,50,0,0,0.009594243810637363,NonInhibitory,Actinobacteria,547,,NA,NA
Mada.1888,Gammaproteobacteria,1073,,2,2,0,0,0,100,0,0,0,0.06011734498111734,Inhibitory,Proteobacteria,1073,,NA,NA
Mada.1905,Bacilli,1066,,1,1,0,0,0,100,0,0,0,0.019524042648098323,NonInhibitory,Firmicutes,1066,,NA,NA
Mada.1907,Actinobacteria,1171,,2,0,2,0,0,0,100,0,0,0.009594243810637363,NonInhibitory,Actinobacteria,1171,,NA,NA
Mada.1926,Actinobacteria,213,,1,1,0,0,0,100,0,0,0,0.019249182349643845,Inhibitory,Actinobacteria,213,,NA,NA
Mada.195,Alphaproteobacteria,435,,3,0,3,0,0,0,100,0,0,0.028944220067369103,Contam,Proteobacteria,435,,NA,NA
Mada.1952,Actinobacteria,1163,,2,0,0,2,0,0,0,100,0,0.009594243810637363,Inhibitory,Actinobacteria,1163,,NA,NA
Mada.1954,Actinobacteria,189,,2,1,1,0,0,50,50,0,0,0.009594243810637363,NonInhibitory,Actinobacteria,189,,NA,NA
Mada.1965,Bacilli,1068,,1,0,0,1,0,0,0,100,0,0.019249182349643845,NonInhibitory,Firmicutes,1068,,NA,NA
Mada.1986,Bacilli,1299,,1,1,0,0,0,100,0,0,0,0.009654938539006484,NonInhibitory,Firmicutes,1299,,NA,NA
Mada.2004,Gammaproteobacteria,1080,,1,1,0,0,0,100,0,0,0,0.06011734498111734,Inhibitory,Proteobacteria,1080,,NA,NA
Mada.2012,Actinobacteria,1119,,10,1,4,5,0,10,40,50,0,0.019249182349643845,NonInhibitory,Actinobacteria,1119,,NA,NA
Mada.2023,Gammaproteobacteria,550,,1,1,0,0,0,100,0,0,0,0.0801381050725031,Inhibitory,Proteobacteria,550,,NA,NA
Mada.2024,Alphaproteobacteria,943,,1,1,0,0,0,100,0,0,0,0.1152024409588318,Inhibitory,Proteobacteria,943,,NA,NA
Mada.2046,Bacilli,1277,,2,1,1,0,0,50,50,0,0,0.009594243810637363,NonInhibitory,Firmicutes,1277,,NA,NA
Mada.2102,Gammaproteobacteria,1047,,1,1,0,0,0,100,0,0,0,0.039573998201307706,Inhibitory,Proteobacteria,1047,,NA,NA
Mada.2105,Actinobacteria,1132,,2,1,1,0,0,50,50,0,0,0.019249182349643845,Inhibitory,Actinobacteria,1132,,2,1
Mada.211,Alphaproteobacteria,436,,1,0,1,0,0,0,100,0,0,0.038960736414768354,NonInhibitory,Proteobacteria,436,,NA,NA
Mada.2119,Gammaproteobacteria,1049,,1,0,1,0,0,0,100,0,0,0.05897387090442588,NonInhibitory,Proteobacteria,1049,,NA,NA
Mada.212,Alphaproteobacteria,398,,1,0,1,0,0,0,100,0,0,0.028904983265281455,NonInhibitory,Proteobacteria,398,,NA,NA
Mada.2133,Gammaproteobacteria,551,,1,1,0,0,0,100,0,0,0,0.019249182349643845,Inhibitory,Proteobacteria,551,,NA,NA
Mada.2154,Actinobacteria,1139,,2,0,2,0,0,0,100,0,0,0.009594243810637363,Inhibitory,Actinobacteria,1139,,NA,NA
Mada.216,Actinobacteria,470,,2,0,2,0,0,0,100,0,0,0.009594243810637363,NonInhibitory,Actinobacteria,470,,NA,NA
Mada.2173,Actinobacteria,1140,,8,2,0,6,0,25,0,75,0,0.049166595077288225,Inhibitory,Actinobacteria,1140,,NA,NA
Mada.2176,Actinobacteria,1143,,1,0,1,0,0,0,100,0,0,0.01915019210494203,NonInhibitory,Actinobacteria,1143,,NA,NA
Mada.2181,Actinobacteria,554,,2,1,1,0,0,50,50,0,0,0.009594243810637363,Inhibitory,Actinobacteria,554,,2,1
Mada.2187,Alphaproteobacteria,555,,1,0,1,0,0,0,100,0,0,0.0387888067146182,Contam,Proteobacteria,555,,NA,NA
Mada.2204,Actinobacteria,1099,,1,0,1,0,0,0,100,0,0,0.05926494137116682,NonInhibitory,Actinobacteria,1099,,NA,NA
Mada.221,Actinobacteria,513,,2,2,0,0,0,100,0,0,0,0.009594243810637363,NonInhibitory,Actinobacteria,513,,2,1
Mada.2215,Alphaproteobacteria,556,,1,0,1,0,0,0,100,0,0,0.01915019210494203,NonInhibitory,Proteobacteria,556,,NA,NA
Mada.2226,Betaproteobacteria,1040,,1,1,0,0,0,100,0,0,0,0.07051925528177434,NonInhibitory,Proteobacteria,1040,,NA,NA
Mada.2243,Gammaproteobacteria,1031,,1,0,1,0,0,0,100,0,0,0.05897387090442588,NonInhibitory,Proteobacteria,1031,,NA,NA
Mada.2267,Actinobacteria,924,,1,0,1,0,0,0,100,0,0,0.019249182349643845,NonInhibitory,Actinobacteria,924,,NA,NA
Mada.2269,Actinobacteria,1104,,7,4,2,0,1,57.14285714285714,28.57142857142857,0,14.285714285714285,0.019249182349643845,NonInhibitory,Actinobacteria,1104,,4,1
Mada.2287,Actinobacteria,1094,,1,0,0,1,0,0,0,100,0,0.009594243810637363,NonInhibitory,Actinobacteria,1094,,NA,NA
Mada.229,Actinobacteria,415,,1,0,1,0,0,0,100,0,0,0.019249182349643845,NonInhibitory,Actinobacteria,415,,NA,NA
Mada.2297,Actinobacteria,925,,3,2,0,1,0,66.66666666666666,0,33.33333333333333,0,0.009594243810637363,Inhibitory,Actinobacteria,925,,NA,NA
Mada.2301,Bacilli,1032,,8,0,6,2,0,0,75,25,0,0.019249182349643845,NonInhibitory,Firmicutes,1032,,NA,NA
Mada.2307,Actinobacteria,1105,,2,2,0,0,0,100,0,0,0,0.009594243810637363,Inhibitory,Actinobacteria,1105,,NA,NA
Mada.2314,Gammaproteobacteria,1035,,1,1,0,0,0,100,0,0,0,0.1038399010748283,Inhibitory,Proteobacteria,1035,,NA,NA
Mada.2316,Alphaproteobacteria,1161,,2,0,2,0,0,0,100,0,0,0.01915019210494203,Inhibitory,Proteobacteria,1161,,NA,NA
Mada.2324,Gammaproteobacteria,87,,1,1,0,0,0,100,0,0,0,NA,Inhibitory,Proteobacteria,87,,NA,NA
Mada.2325,Bacilli,558,,8,0,6,1,0,0,75,12.5,0,0.009594243810637363,Inhibitory,Firmicutes,558,,NA,NA
Mada.2339,Sphingobacteriia,856,,4,0,0,4,0,0,0,100,0,0.0612391129476996,Inhibitory,Bacteroidetes,856,,NA,NA
Mada.2340,Actinobacteria,27,,2,1,1,0,0,50,50,0,0,0.019249182349643845,Inhibitory,Actinobacteria,27,,NA,NA
Mada.2343,Actinobacteria,915,,1,1,0,0,0,100,0,0,0,0.019249182349643845,Inhibitory,Actinobacteria,915,,NA,NA
Mada.2346,Actinobacteria,28,,8,2,6,0,0,25,75,0,0,0.009594243810637363,Inhibitory,Actinobacteria,28,,NA,NA
Mada.2349,Actinobacteria,21,,21,7,12,2,0,33.33333333333333,57.14285714285714,9.523809523809524,0,0.02894563882396223,NonInhibitory,Actinobacteria,21,,7,3
Mada.235,Actinobacteria,471,,1,0,0,0,1,0,0,0,100,0.009594243810637363,NonInhibitory,Actinobacteria,471,,NA,NA
Mada.2350,Actinobacteria,44,,30,4,24,1,1,13.333333333333334,80,3.3333333333333335,3.3333333333333335,0.019249182349643845,NonInhibitory,Actinobacteria,44,,4,5
Mada.2353,Actinobacteria,448,,1,1,0,0,0,100,0,0,0,0.009594243810637363,NA,Actinobacteria,448,,NA,NA
Mada.236,Actinobacteria,487,,1,1,0,0,0,100,0,0,0,0.019249182349643845,Inhibitory,Actinobacteria,487,,NA,NA
Mada.2362,Sphingobacteriia,11,,4,2,0,2,0,50,0,50,0,0.0612391129476996,Inhibitory,Bacteroidetes,11,,NA,NA
Mada.2364,Actinobacteria,45,,2,1,1,0,0,50,50,0,0,0.009594243810637363,Inhibitory,Actinobacteria,45,,NA,NA
Mada.2365,Actinobacteria,22,,1,0,1,0,0,0,100,0,0,0.01927178746845714,Inhibitory,Actinobacteria,22,,NA,NA
Mada.2367,Bacilli,52,,13,2,10,0,1,15.384615384615385,76.92307692307693,0,7.6923076923076925,0.019249182349643845,NonInhibitory,Firmicutes,52,,NA,NA
Mada.2370,Actinobacteria,29,,4,3,1,0,0,75,25,0,0,0.019249182349643845,Inhibitory,Actinobacteria,29,,NA,NA
Mada.2373,Gammaproteobacteria,437,,1,0,1,0,0,0,100,0,0,0.019249182349643845,Inhibitory,Proteobacteria,437,,NA,NA
Mada.2375,Actinobacteria,46,,3,2,1,0,0,66.66666666666666,33.33333333333333,0,0,0.019249182349643845,NonInhibitory,Actinobacteria,46,,2,1
Mada.2377,Actinobacteria,34,,11,6,2,2,0,54.54545454545454,18.181818181818183,18.181818181818183,0,0.019249182349643845,Inhibitory,Actinobacteria,34,,NA,NA
Mada.2378,Actinobacteria,35,,1,1,0,0,0,100,0,0,0,0.019249182349643845,NonInhibitory,Actinobacteria,35,,NA,NA
Mada.2383,Actinobacteria,20,,4,1,3,0,0,25,75,0,0,0.019249182349643845,Inhibitory,Actinobacteria,20,,NA,NA
Mada.2385,Actinobacteria,24,,6,3,3,0,0,50,50,0,0,0.01927178746845714,NonInhibitory,Actinobacteria,24,,NA,NA
Mada.2387,Bacilli,53,,7,0,5,2,0,0,71.42857142857143,28.57142857142857,0,0.009594243810637363,NonInhibitory,Firmicutes,53,,NA,NA
Mada.239,Actinobacteria,488,,1,0,1,0,0,0,100,0,0,0.009594243810637363,NonInhibitory,Actinobacteria,488,,NA,NA
Mada.2393,Actinobacteria,63,,1,1,0,0,0,100,0,0,0,0.019249182349643845,NonInhibitory,Actinobacteria,63,,NA,NA
Mada.2394,Bacilli,36,,2,0,1,1,0,0,50,50,0,0.058935623130406484,NonInhibitory,Firmicutes,36,,NA,NA
Mada.2397,Actinobacteria,30,,1,0,1,0,0,0,100,0,0,0.009594243810637363,NonInhibitory,Actinobacteria,30,,NA,NA
Mada.2400,Gammaproteobacteria,140,,5,1,3,1,0,20,60,20,0,0.049210951519452845,NonInhibitory,Proteobacteria,140,,NA,NA
Mada.2401,Bacilli,37,,9,4,4,1,0,44.44444444444444,44.44444444444444,11.11111111111111,0,0.009594243810637363,NonInhibitory,Firmicutes,37,,4,1
Mada.2402,Actinobacteria,25,,2,2,0,0,0,100,0,0,0,0.009594243810637363,NonInhibitory,Actinobacteria,25,,NA,NA
Mada.2408,Actinobacteria,449,,1,1,0,0,0,100,0,0,0,0.019249182349643845,NonInhibitory,Actinobacteria,449,,NA,NA
Mada.241,Actinobacteria,749,,1,1,0,0,0,100,0,0,0,0.019249182349643845,Inhibitory,Actinobacteria,749,,NA,NA
Mada.2411,Actinobacteria,38,,1,1,0,0,0,100,0,0,0,0.009654938539006484,NonInhibitory,Actinobacteria,38,,NA,NA
Mada.2413,Actinobacteria,31,,1,0,1,0,0,0,100,0,0,0.009594243810637363,NonInhibitory,Actinobacteria,31,,NA,NA
Mada.2417,Actinobacteria,463,,1,0,1,0,0,0,100,0,0,0.019249182349643845,NonInhibitory,Actinobacteria,463,,NA,NA
Mada.2420,Actinobacteria,32,,6,6,0,0,0,100,0,0,0,0.009594243810637363,Inhibitory,Actinobacteria,32,,NA,NA
Mada.2423,Actinobacteria,39,,3,0,2,1,0,0,66.66666666666666,33.33333333333333,0,0.009594243810637363,NonInhibitory,Actinobacteria,39,,NA,NA
Mada.2424,Actinobacteria,58,,1,1,0,0,0,100,0,0,0,0.02894563882396223,NonInhibitory,Actinobacteria,58,,NA,NA
Mada.2425,Actinobacteria,48,,5,1,3,1,0,20,60,20,0,0.009594243810637363,NonInhibitory,Actinobacteria,48,,NA,NA
Mada.2427,Actinobacteria,61,,1,0,1,0,0,0,100,0,0,0.009594243810637363,NonInhibitory,Actinobacteria,61,,NA,NA
Mada.2431,Actinobacteria,54,,1,1,0,0,0,100,0,0,0,0.009594243810637363,NonInhibitory,Actinobacteria,54,,NA,NA
Mada.2434,Actinobacteria,65,,4,2,2,0,0,50,50,0,0,0.009594243810637363,NonInhibitory,Actinobacteria,65,,2,2
Mada.2435,Actinobacteria,26,,2,0,2,0,0,0,100,0,0,0.009594243810637363,NonInhibitory,Actinobacteria,26,,NA,NA
Mada.2436,Actinobacteria,66,,1,0,1,0,0,0,100,0,0,0.009594243810637363,NonInhibitory,Actinobacteria,66,,NA,NA
Mada.2437,Bacilli,59,,7,3,2,2,0,42.857142857142854,28.57142857142857,28.57142857142857,0,0.009594243810637363,NonInhibitory,Firmicutes,59,,3,1
Mada.2439,Actinobacteria,49,,8,3,5,0,0,37.5,62.5,0,0,0.019249182349643845,NonInhibitory,Actinobacteria,49,,3,2
Mada.2441,Alphaproteobacteria,257,,2,1,1,0,0,50,50,0,0,0.0387888067146182,Inhibitory,Proteobacteria,257,,NA,NA
Mada.2442,Actinobacteria,18,,39,3,34,2,0,7.6923076923076925,87.17948717948718,5.128205128205128,0,0.01915019210494203,NonInhibitory,Actinobacteria,18,,3,11
Mada.2443,Actinobacteria,60,,2,0,2,0,0,0,100,0,0,NA,NonInhibitory,Actinobacteria,60,,NA,NA
Mada.2468,Alphaproteobacteria,865,,9,6,2,1,0,66.66666666666666,22.22222222222222,11.11111111111111,0,0.0387888067146182,NonInhibitory,Proteobacteria,865,,NA,NA
Mada.2476,Actinobacteria,474,,2,0,1,0,1,0,50,0,50,0.019249182349643845,Inhibitory,Actinobacteria,474,,NA,NA
Mada.2482,Actinobacteria,438,,1,0,1,0,0,0,100,0,0,0.009594243810637363,NonInhibitory,Actinobacteria,438,,NA,NA
Mada.2488,Actinobacteria,250,,9,2,7,0,0,22.22222222222222,77.77777777777779,0,0,0.009594243810637363,NonInhibitory,Actinobacteria,250,,2,2
Mada.2492,Actinobacteria,475,,4,1,3,0,0,25,75,0,0,NA,Inhibitory,Actinobacteria,475,,2,1
Mada.250,Alphaproteobacteria,873,,1,0,1,0,0,0,100,0,0,0.01915019210494203,NonInhibitory,Proteobacteria,873,,NA,NA
Mada.2500,Actinobacteria,985,,1,1,0,0,0,100,0,0,0,0.009594243810637363,NonInhibitory,Actinobacteria,985,,NA,NA
Mada.2507,Actinobacteria,987,,5,0,5,0,0,0,100,0,0,0.009594243810637363,NonInhibitory,Actinobacteria,987,,NA,NA
Mada.2523,Gammaproteobacteria,286,,1,1,0,0,0,100,0,0,0,0.049210951519452845,NonInhibitory,Proteobacteria,286,,NA,NA
Mada.2525,Actinobacteria,467,,1,0,1,0,0,0,100,0,0,0.019249182349643845,NonInhibitory,Actinobacteria,467,,NA,NA
Mada.2529,Gammaproteobacteria,287,,2,1,1,0,0,50,50,0,0,0.009594243810637363,Inhibitory,Proteobacteria,287,,2,1
Mada.2534,Actinobacteria,477,,2,2,0,0,0,100,0,0,0,0.019249182349643845,Inhibitory,Actinobacteria,477,,NA,NA
Mada.2540,Betaproteobacteria,304,,1,0,1,0,0,0,100,0,0,0.009594243810637363,Inhibitory,Proteobacteria,304,,NA,NA
Mada.2543,Actinobacteria,480,,2,1,1,0,0,50,50,0,0,0.009594243810637363,NonInhibitory,Actinobacteria,480,,NA,NA
Mada.2548,Flavobacteriia,958,,2,2,0,0,0,100,0,0,0,0.019249182349643845,Inhibitory,Bacteroidetes,958,,NA,NA
Mada.2549,Alphaproteobacteria,868,,1,1,0,0,0,100,0,0,0,0.028944220067369103,Inhibitory,Proteobacteria,868,,NA,NA
Mada.255,Actinobacteria,561,,1,0,1,0,0,0,100,0,0,0.029034015554278775,Facilitating,Actinobacteria,561,,NA,NA
Mada.2557,Gammaproteobacteria,288,,2,2,0,0,0,100,0,0,0,0.039573998201307706,Inhibitory,Proteobacteria,288,,NA,NA
Mada.2563,Actinobacteria,360,,1,1,0,0,0,100,0,0,0,0.009594243810637363,Inhibitory,Actinobacteria,360,,NA,NA
Mada.2573,Actinobacteria,418,,1,0,1,0,0,0,100,0,0,0.009594243810637363,Inhibitory,Actinobacteria,418,,NA,NA
Mada.2577,Actinobacteria,369,,1,1,0,0,0,100,0,0,0,0.009594243810637363,Inhibitory,Actinobacteria,369,,NA,NA
Mada.2578,Actinobacteria,399,,2,1,1,0,0,50,50,0,0,0.019249182349643845,Inhibitory,Actinobacteria,399,,2,1
Mada.2579,Actinobacteria,279,,2,0,2,0,0,0,100,0,0,0.019249182349643845,Inhibitory,Actinobacteria,279,,NA,NA
Mada.2586,Alphaproteobacteria,1,,31,25,4,2,0,80.64516129032258,12.903225806451612,6.451612903225806,0,0.0387888067146182,Inhibitory,Proteobacteria,1,,26,3
Mada.2591,Bacilli,149,,2,2,0,0,0,100,0,0,0,0.02952200257314163,Inhibitory,Firmicutes,149,,NA,NA
Mada.2599,Actinobacteria,450,,1,1,0,0,0,100,0,0,0,0.009594243810637363,NonInhibitory,Actinobacteria,450,,NA,NA
Mada.2600,Gammaproteobacteria,265,,1,0,1,0,0,0,100,0,0,0.009594243810637363,NonInhibitory,Proteobacteria,265,,NA,NA
Mada.2604,Bacilli,151,,2,0,2,0,0,0,100,0,0,0.058935623130406484,NonInhibitory,Firmicutes,151,,NA,NA
Mada.2605,Bacilli,169,,1,0,1,0,0,0,100,0,0,0.009594243810637363,NonInhibitory,Firmicutes,169,,NA,NA
Mada.2608,Sphingobacteriia,799,,1,1,0,0,0,100,0,0,0,0.0612391129476996,NonInhibitory,Bacteroidetes,799,,NA,NA
Mada.2618,Actinobacteria,805,,1,0,1,0,0,0,100,0,0,0.009594243810637363,NonInhibitory,Actinobacteria,805,,NA,NA
Mada.2619,Sphingobacteriia,86,,1,0,1,0,0,0,100,0,0,0.0488906813755334,Inhibitory,Bacteroidetes,86,,NA,NA
Mada.2637,Bacilli,154,,1,0,1,0,0,0,100,0,0,0.009503747346305609,NonInhibitory,Firmicutes,154,,NA,NA
Mada.2641,Bacilli,141,,1,0,1,0,0,0,100,0,0,0.009594243810637363,NonInhibitory,Firmicutes,141,,NA,NA
Mada.2643,Actinobacteria,419,,2,2,0,0,0,100,0,0,0,0.009594243810637363,Inhibitory,Actinobacteria,419,,NA,NA
Mada.2644,Gammaproteobacteria,241,,4,3,1,0,0,75,25,0,0,0.039573998201307706,Inhibitory,Proteobacteria,241,,4,1
Mada.265,Actinobacteria,493,,1,1,0,0,0,100,0,0,0,0.019249182349643845,Inhibitory,Actinobacteria,493,,NA,NA
Mada.2652,Gammaproteobacteria,275,,3,1,1,1,0,33.33333333333333,33.33333333333333,33.33333333333333,0,0.009594243810637363,Inhibitory,Proteobacteria,275,,NA,NA
Mada.2654,Gammaproteobacteria,242,,5,3,1,0,0,60,20,0,0,0.039573998201307706,Inhibitory,Proteobacteria,242,,4,1
Mada.2667,Actinobacteria,371,,1,0,0,1,0,0,0,100,0,0.009594243810637363,Inhibitory,Actinobacteria,371,,NA,NA
Mada.2669,Alphaproteobacteria,134,,20,11,8,1,0,55.00000000000001,40,5,0,0.0387888067146182,Inhibitory,Proteobacteria,134,,12,2
Mada.2673,Gammaproteobacteria,258,,1,1,0,0,0,100,0,0,0,0.019249182349643845,Inhibitory,Proteobacteria,258,,NA,NA
Mada.2678,Alphaproteobacteria,152,,1,0,0,1,0,0,0,100,0,0.01915019210494203,NonInhibitory,Proteobacteria,152,,NA,NA
Mada.2679,Actinobacteria,401,,1,1,0,0,0,100,0,0,0,0.009594243810637363,NonInhibitory,Actinobacteria,401,,NA,NA
Mada.2681,Actinobacteria,373,,1,1,0,0,0,100,0,0,0,0.009594243810637363,Inhibitory,Actinobacteria,373,,NA,NA
Mada.2682,Actinobacteria,441,,2,1,0,1,0,50,0,50,0,0.009594243810637363,Inhibitory,Actinobacteria,441,,NA,NA
Mada.2702,Actinobacteria,404,,2,0,1,1,0,0,50,50,0,0.02937492321573417,NonInhibitory,Actinobacteria,404,,NA,NA
Mada.2709,Actinobacteria,405,,12,1,10,0,0,8.333333333333332,83.33333333333334,0,0,0.01915019210494203,NonInhibitory,Actinobacteria,405,,1,2
Mada.2710,Gammaproteobacteria,130,,1,1,0,0,0,100,0,0,0,0.019249182349643845,Inhibitory,Proteobacteria,130,,NA,NA
Mada.2715,Actinobacteria,336,,2,0,0,2,0,0,0,100,0,0.009594243810637363,NonInhibitory,Actinobacteria,336,,NA,NA
Mada.2723,Actinobacteria,1085,,4,0,3,1,0,0,75,25,0,0.01915019210494203,NonInhibitory,Actinobacteria,1085,,NA,NA
Mada.2733,Alphaproteobacteria,738,,10,0,10,0,0,0,100,0,0,0.0191775987018107,NonInhibitory,Proteobacteria,738,,NA,NA
Mada.2740,Actinobacteria,184,,1,1,0,0,0,100,0,0,0,0.009594243810637363,NonInhibitory,Actinobacteria,184,,NA,NA
Mada.2741,Actinobacteria,1059,,3,0,0,3,0,0,0,100,0,0.009594243810637363,NonInhibitory,Actinobacteria,1059,,NA,NA
Mada.2756,Bacilli,93,,10,0,3,7,0,0,30,70,0,0.009594243810637363,NonInhibitory,Firmicutes,93,,NA,NA
Mada.2757,Actinobacteria,346,,2,0,2,0,0,0,100,0,0,0.009594243810637363,NonInhibitory,Actinobacteria,346,,NA,NA
Mada.2758,Actinobacteria,190,,1,0,1,0,0,0,100,0,0,0.009594243810637363,NonInhibitory,Actinobacteria,190,,NA,NA
Mada.2765,Alphaproteobacteria,853,,3,1,2,0,0,33.33333333333333,66.66666666666666,0,0,0.009594243810637363,Facilitating,Proteobacteria,853,,NA,NA
Mada.2768,Actinobacteria,280,,1,0,1,0,0,0,100,0,0,0.019249182349643845,Facilitating,Actinobacteria,280,,NA,NA
Mada.2783,Actinobacteria,1060,,1,0,1,0,0,0,100,0,0,0.009594243810637363,NonInhibitory,Actinobacteria,1060,,NA,NA
Mada.2784,Actinobacteria,320,,1,1,0,0,0,100,0,0,0,0.019249182349643845,NonInhibitory,Actinobacteria,320,,NA,NA
Mada.2805,Actinobacteria,375,,2,1,1,0,0,50,50,0,0,0.01978067940509681,NonInhibitory,Actinobacteria,375,,NA,NA
Mada.2814,Bacilli,854,,2,1,1,0,0,50,50,0,0,0.009594243810637363,NonInhibitory,Firmicutes,854,,NA,NA
Mada.2816,Actinobacteria,306,,8,2,5,1,0,25,62.5,12.5,0,0.009594243810637363,NonInhibitory,Actinobacteria,306,,2,1
Mada.2819,Actinobacteria,338,,7,2,3,2,0,28.57142857142857,42.857142857142854,28.57142857142857,0,0.019249182349643845,NonInhibitory,Actinobacteria,338,,NA,NA
Mada.2824,Actinobacteria,1181,,1,0,1,0,0,0,100,0,0,0.009594243810637363,NonInhibitory,Actinobacteria,1181,,NA,NA
Mada.2827,Actinobacteria,251,,4,1,2,1,0,25,50,25,0,0.009594243810637363,Facilitating,Actinobacteria,251,,NA,NA
Mada.283,Gammaproteobacteria,464,,1,1,0,0,0,100,0,0,0,0.0801381050725031,Contam,Proteobacteria,464,,NA,NA
Mada.2832,Actinobacteria,442,,7,1,4,1,0,14.285714285714285,57.14285714285714,14.285714285714285,0,0.009594243810637363,NonInhibitory,Actinobacteria,442,,NA,NA
Mada.2840,Actinobacteria,443,,1,0,1,0,0,0,100,0,0,0.009594243810637363,NonInhibitory,Actinobacteria,443,,NA,NA
Mada.2842,Flavobacteriia,80,,1,1,0,0,0,100,0,0,0,0.019249182349643845,Contam,Bacteroidetes,80,,NA,NA
Mada.2846,Actinobacteria,407,,11,6,3,1,1,54.54545454545454,27.27272727272727,9.090909090909092,9.090909090909092,0.019249182349643845,NonInhibitory,Actinobacteria,407,,6,2
Mada.2848,Actinobacteria,94,,1,1,0,0,0,100,0,0,0,0.009654938539006484,Inhibitory,Actinobacteria,94,,NA,NA
Mada.2850,Bacilli,122,,2,0,2,0,0,0,100,0,0,0.009594243810637363,NonInhibitory,Firmicutes,122,,NA,NA
Mada.2851,Actinobacteria,422,,3,3,0,0,0,100,0,0,0,0.009594243810637363,Inhibitory,Actinobacteria,422,,NA,NA
Mada.2853,Actinobacteria,992,,1,0,1,0,0,0,100,0,0,0.019249182349643845,NonInhibitory,Actinobacteria,992,,NA,NA
Mada.2866,Flavobacteriia,852,,1,1,0,0,0,100,0,0,0,0.019249182349643845,NA,Bacteroidetes,852,,NA,NA
Mada.2871,Actinobacteria,423,,4,0,4,0,0,0,100,0,0,0.0488906813755334,NonInhibitory,Actinobacteria,423,,NA,NA
Mada.2882,Actinobacteria,409,,1,0,1,0,0,0,100,0,0,0.009594243810637363,NonInhibitory,Actinobacteria,409,,NA,NA
Mada.2891,Actinobacteria,455,,2,2,0,0,0,100,0,0,0,0.009594243810637363,NonInhibitory,Actinobacteria,455,,2,1
Mada.2892,Actinobacteria,376,,2,0,1,1,0,0,50,50,0,0.019249182349643845,NonInhibitory,Actinobacteria,376,,NA,NA
Mada.2894,Actinobacteria,424,,1,0,1,0,0,0,100,0,0,0.0488906813755334,NonInhibitory,Actinobacteria,424,,NA,NA
Mada.2895,Actinobacteria,410,,4,2,2,0,0,50,50,0,0,0.019249182349643845,NonInhibitory,Actinobacteria,410,,2,2
Mada.2897,Actinobacteria,1156,,2,0,1,0,0,0,50,0,0,0.009594243810637363,NonInhibitory,Actinobacteria,1156,,NA,NA
Mada.290,Gammaproteobacteria,858,,2,2,0,0,0,100,0,0,0,0.039573998201307706,Inhibitory,Proteobacteria,858,,NA,NA
Mada.2902,Alphaproteobacteria,109,,9,0,7,1,1,0,77.77777777777779,11.11111111111111,11.11111111111111,0.01915019210494203,NonInhibitory,Proteobacteria,109,,NA,NA
Mada.2904,Alphaproteobacteria,495,,7,0,4,2,0,0,57.14285714285714,28.57142857142857,0,0.01915019210494203,NonInhibitory,Proteobacteria,495,,NA,NA
Mada.2905,Actinobacteria,348,,1,0,1,0,0,0,100,0,0,0.009594243810637363,NonInhibitory,Actinobacteria,348,,NA,NA
Mada.2909,Alphaproteobacteria,564,,1,0,1,0,0,0,100,0,0,0.009503747346305609,NonInhibitory,Proteobacteria,564,,NA,NA
Mada.2914,Actinobacteria,911,,1,0,1,0,0,0,100,0,0,0.0488906813755334,NonInhibitory,Actinobacteria,911,,NA,NA
Mada.2916,Actinobacteria,959,,5,1,4,0,0,20,80,0,0,0.009594243810637363,NonInhibitory,Actinobacteria,959,,1,3
Mada.292,Alphaproteobacteria,872,,1,1,0,0,0,100,0,0,0,0.009594243810637363,Inhibitory,Proteobacteria,872,,NA,NA
Mada.2947,Actinobacteria,321,,2,1,1,0,0,50,50,0,0,NA,NonInhibitory,Actinobacteria,321,,NA,NA
Mada.2950,Gammaproteobacteria,1281,,3,3,0,0,0,100,0,0,0,0.039573998201307706,Inhibitory,Proteobacteria,1281,,NA,NA
Mada.2951,Actinobacteria,349,,6,4,2,0,0,66.66666666666666,33.33333333333333,0,0,0.009594243810637363,Inhibitory,Actinobacteria,349,,NA,NA
Mada.2962,Gammaproteobacteria,170,,1,0,0,1,0,0,0,100,0,0.009594243810637363,NonInhibitory,Proteobacteria,170,,NA,NA
Mada.2969,Actinobacteria,412,,8,4,2,1,1,50,25,12.5,12.5,0.009594243810637363,NonInhibitory,Actinobacteria,412,,NA,NA
Mada.298,Actinobacteria,497,,1,0,1,0,0,0,100,0,0,0.009594243810637363,NonInhibitory,Actinobacteria,497,,NA,NA
Mada.2982,Actinobacteria,430,,3,2,1,0,0,66.66666666666666,33.33333333333333,0,0,0.009594243810637363,NonInhibitory,Actinobacteria,430,,2,2
Mada.3017,Actinobacteria,307,,2,0,2,0,0,0,100,0,0,0.02894563882396223,NonInhibitory,Actinobacteria,307,,NA,NA
Mada.3023,Actinobacteria,445,,1,1,0,0,0,100,0,0,0,0.019249182349643845,NonInhibitory,Actinobacteria,445,,NA,NA
Mada.3024,Actinobacteria,326,,2,2,0,0,0,100,0,0,0,0.009594243810637363,NonInhibitory,Actinobacteria,326,,NA,NA
Mada.3034,Bacilli,101,,12,0,1,11,0,0,8.333333333333332,91.66666666666666,0,0.009594243810637363,NonInhibitory,Firmicutes,101,,NA,NA
Mada.3054,Alphaproteobacteria,902,,8,0,8,0,0,0,100,0,0,0.009594243810637363,NonInhibitory,Proteobacteria,902,,NA,NA
Mada.3058,Alphaproteobacteria,903,,1,1,0,0,0,100,0,0,0,0.0387888067146182,NonInhibitory,Proteobacteria,903,,NA,NA
Mada.3063,Gammaproteobacteria,994,,2,1,1,0,0,50,50,0,0,0.41382536567807726,Inhibitory,Proteobacteria,994,,2,1
Mada.3071,Actinobacteria,784,,2,0,2,0,0,0,100,0,0,0.009594243810637363,Inhibitory,Actinobacteria,784,,NA,NA
Mada.3075,Alphaproteobacteria,904,,2,0,2,0,0,0,100,0,0,0.0387888067146182,NonInhibitory,Proteobacteria,904,,NA,NA
Mada.3076,Alphaproteobacteria,1054,,1,0,1,0,0,0,100,0,0,0.0387888067146182,NA,Proteobacteria,1054,,NA,NA
Mada.3078,Alphaproteobacteria,883,,1,1,0,0,0,100,0,0,0,0.0387888067146182,Inhibitory,Proteobacteria,883,,NA,NA
Mada.3081,Actinobacteria,815,,2,0,1,0,1,0,50,0,50,0.009594243810637363,NonInhibitory,Actinobacteria,815,,NA,NA
Mada.3091,Actinobacteria,775,,2,0,2,0,0,0,100,0,0,0.009594243810637363,NonInhibitory,Actinobacteria,775,,NA,NA
Mada.3093,Actinobacteria,787,,1,1,0,0,0,100,0,0,0,0.019249182349643845,Inhibitory,Actinobacteria,787,,NA,NA
Mada.3112,Flavobacteriia,309,,1,1,0,0,0,100,0,0,0,0.019249182349643845,Inhibitory,Bacteroidetes,309,,NA,NA
Mada.3117,Gammaproteobacteria,353,,2,2,0,0,0,100,0,0,0,0.039573998201307706,NonInhibitory,Proteobacteria,353,,2,1
Mada.3127,Betaproteobacteria,457,,1,0,1,0,0,0,100,0,0,0.009594243810637363,NonInhibitory,Proteobacteria,457,,NA,NA
Mada.3130,Alphaproteobacteria,905,,6,5,1,0,0,83.33333333333334,16.666666666666664,0,0,0.0387888067146182,NonInhibitory,Proteobacteria,905,,5,1
Mada.3144,Actinobacteria,773,,3,0,2,0,0,0,66.66666666666666,0,0,0.0488906813755334,NonInhibitory,Actinobacteria,773,,NA,NA
Mada.3145,Actinobacteria,1076,,2,2,0,0,0,100,0,0,0,0.009594243810637363,NonInhibitory,Actinobacteria,1076,,NA,NA
Mada.3153,Actinobacteria,750,,1,0,1,0,0,0,100,0,0,0.01915019210494203,NonInhibitory,Actinobacteria,750,,NA,NA
Mada.3159,Gammaproteobacteria,82,,2,1,1,0,0,50,50,0,0,0.009594243810637363,Inhibitory,Proteobacteria,82,,2,1
Mada.3162,Flavobacteriia,13,,4,3,1,0,0,75,25,0,0,0.019249182349643845,Inhibitory,Bacteroidetes,13,,NA,NA
Mada.3166,Gammaproteobacteria,123,,7,4,3,0,0,57.14285714285714,42.857142857142854,0,0,0.039573998201307706,Inhibitory,Proteobacteria,123,,5,1
Mada.3175,Actinobacteria,83,,6,2,2,2,0,33.33333333333333,33.33333333333333,33.33333333333333,0,0.009594243810637363,NonInhibitory,Actinobacteria,83,,2,2
Mada.3184,Alphaproteobacteria,817,,1,0,1,0,0,0,100,0,0,0.01915019210494203,NonInhibitory,Proteobacteria,817,,NA,NA
Mada.3189,Actinobacteria,743,,3,1,2,0,0,33.33333333333333,66.66666666666666,0,0,0.019249182349643845,Inhibitory,Actinobacteria,743,,2,1
Mada.3190,Alphaproteobacteria,874,,1,0,1,0,0,0,100,0,0,0.01915019210494203,Facilitating,Proteobacteria,874,,NA,NA
Mada.32,Alphaproteobacteria,567,,1,0,1,0,0,0,100,0,0,0.0387888067146182,NonInhibitory,Proteobacteria,567,,NA,NA
Mada.3200,Actinobacteria,378,,1,0,1,0,0,0,100,0,0,0.009594243810637363,NonInhibitory,Actinobacteria,378,,NA,NA
Mada.3209,Bacilli,88,,16,3,12,0,1,18.75,75,0,6.25,0.009594243810637363,NonInhibitory,Firmicutes,88,,3,2
Mada.3213,Alphaproteobacteria,800,,2,0,1,0,0,0,50,0,0,0.01915019210494203,NonInhibitory,Proteobacteria,800,,NA,NA
Mada.3218,Actinobacteria,380,,2,0,2,0,0,0,100,0,0,0.009594243810637363,NonInhibitory,Actinobacteria,380,,NA,NA
Mada.3222,Actinobacteria,328,,2,0,1,1,0,0,50,50,0,0.019249182349643845,NonInhibitory,Actinobacteria,328,,NA,NA
Mada.3223,Actinobacteria,381,,1,0,1,0,0,0,100,0,0,0.009594243810637363,NonInhibitory,Actinobacteria,381,,NA,NA
Mada.3224,Actinobacteria,382,,2,1,1,0,0,50,50,0,0,0.009594243810637363,Inhibitory,Actinobacteria,382,,2,1
Mada.3227,Actinobacteria,1026,,1,0,1,0,0,0,100,0,0,0.019249182349643845,NonInhibitory,Actinobacteria,1026,,NA,NA
Mada.3232,Alphaproteobacteria,801,,1,0,1,0,0,0,100,0,0,0.01915019210494203,Facilitating,Proteobacteria,801,,NA,NA
Mada.3244,Actinobacteria,295,,1,0,1,0,0,0,100,0,0,0.019249182349643845,NonInhibitory,Actinobacteria,295,,NA,NA
Mada.3254,Actinobacteria,384,,1,0,1,0,0,0,100,0,0,0.009594243810637363,Inhibitory,Actinobacteria,384,,NA,NA
Mada.3265,Actinobacteria,329,,2,1,1,0,0,50,50,0,0,0.019249182349643845,Inhibitory,Actinobacteria,329,,NA,NA
Mada.3272,Betaproteobacteria,163,,2,1,1,0,0,50,50,0,0,0.028904983265281455,Inhibitory,Proteobacteria,163,,NA,NA
Mada.3274,Actinobacteria,385,,1,0,1,0,0,0,100,0,0,0.009654938539006484,Facilitating,Actinobacteria,385,,NA,NA
Mada.3279,Actinobacteria,311,,1,0,1,0,0,0,100,0,0,0.009594243810637363,Inhibitory,Actinobacteria,311,,NA,NA
Mada.3289,Actinobacteria,330,,3,1,2,0,0,33.33333333333333,66.66666666666666,0,0,0.019249182349643845,NonInhibitory,Actinobacteria,330,,1,2
Mada.3290,Actinobacteria,312,,2,0,2,0,0,0,100,0,0,0.009594243810637363,Contam,Actinobacteria,312,,NA,NA
Mada.3294,Actinobacteria,298,,2,2,0,0,0,100,0,0,0,0.019249182349643845,Inhibitory,Actinobacteria,298,,NA,NA
Mada.3309,Betaproteobacteria,102,,1,0,1,0,0,0,100,0,0,0.009594243810637363,NonInhibitory,Proteobacteria,102,,NA,NA
Mada.3321,Actinobacteria,1043,,1,0,1,0,0,0,100,0,0,0.009594243810637363,NonInhibitory,Actinobacteria,1043,,NA,NA
Mada.3326,Bacilli,73,,1,0,1,0,0,0,100,0,0,0.009594243810637363,NonInhibitory,Firmicutes,73,,NA,NA
Mada.3342,Actinobacteria,261,,2,2,0,0,0,100,0,0,0,0.009594243810637363,Inhibitory,Actinobacteria,261,,NA,NA
Mada.3343,Actinobacteria,744,,1,0,1,0,0,0,100,0,0,0.009594243810637363,NonInhibitory,Actinobacteria,744,,NA,NA
Mada.3345,Actinobacteria,222,,10,2,6,2,0,20,60,20,0,0.019249182349643845,Inhibitory,Actinobacteria,222,,3,1
Mada.3346,Actinobacteria,215,,3,1,2,0,0,33.33333333333333,66.66666666666666,0,0,0.019249182349643845,Inhibitory,Actinobacteria,215,,2,1
Mada.3352,Actinobacteria,267,,1,0,1,0,0,0,100,0,0,0.009594243810637363,NonInhibitory,Actinobacteria,267,,NA,NA
Mada.3354,Gammaproteobacteria,99,,9,8,1,0,0,88.88888888888889,11.11111111111111,0,0,0.009594243810637363,Inhibitory,Proteobacteria,99,,9,1
Mada.3359,Actinobacteria,185,,3,0,2,1,0,0,66.66666666666666,33.33333333333333,0,0.02894563882396223,Inhibitory,Actinobacteria,185,,NA,NA
Mada.3362,Actinobacteria,268,,3,0,3,0,0,0,100,0,0,0.009594243810637363,NonInhibitory,Actinobacteria,268,,NA,NA
Mada.3372,Actinobacteria,244,,5,1,3,1,0,20,60,20,0,0.009594243810637363,Inhibitory,Actinobacteria,244,,NA,NA
Mada.3378,Actinobacteria,224,,4,4,0,0,0,100,0,0,0,0.009594243810637363,NonInhibitory,Actinobacteria,224,,4,1
Mada.3382,Actinobacteria,186,,4,1,2,1,0,25,50,25,0,0.01927178746845714,NonInhibitory,Actinobacteria,186,,1,3
Mada.3383,Bacilli,77,,3,0,1,2,0,0,33.33333333333333,66.66666666666666,0,0.009594243810637363,NonInhibitory,Firmicutes,77,,NA,NA
Mada.3386,Actinobacteria,225,,1,0,1,0,0,0,100,0,0,0.019249182349643845,Inhibitory,Actinobacteria,225,,NA,NA
Mada.3394,Actinobacteria,195,,7,1,5,1,0,14.285714285714285,71.42857142857143,14.285714285714285,0,0.009594243810637363,Inhibitory,Actinobacteria,195,,2,2
Mada.3399,Alphaproteobacteria,363,,1,0,1,0,0,0,100,0,0,0.009594243810637363,NonInhibitory,Proteobacteria,363,,NA,NA
Mada.34,Gammaproteobacteria,570,,2,0,1,1,0,0,50,50,0,0.019249182349643845,NA,Proteobacteria,570,,NA,NA
Mada.3404,Gammaproteobacteria,74,,4,0,3,0,1,0,75,0,25,0.039573998201307706,NonInhibitory,Proteobacteria,74,,NA,NA
Mada.3406,Alphaproteobacteria,389,,2,2,0,0,0,100,0,0,0,0.0387888067146182,NonInhibitory,Proteobacteria,389,,2,1
Mada.3407,Actinobacteria,227,,4,0,4,0,0,0,100,0,0,0.019249182349643845,NonInhibitory,Actinobacteria,227,,NA,NA
Mada.3413,Bacilli,71,,1,0,1,0,0,0,100,0,0,0.058935623130406484,NonInhibitory,Firmicutes,71,,NA,NA
Mada.3416,Alphaproteobacteria,434,,3,0,3,0,0,0,100,0,0,0.009503747346305609,NonInhibitory,Proteobacteria,434,,NA,NA
Mada.3418,Actinobacteria,270,,5,0,2,3,0,0,40,60,0,0.01915019210494203,NonInhibitory,Actinobacteria,270,,NA,NA
Mada.3419,Actinobacteria,217,,1,0,1,0,0,0,100,0,0,0.019249182349643845,Inhibitory,Actinobacteria,217,,NA,NA
Mada.3428,Alphaproteobacteria,390,,4,3,1,0,0,75,25,0,0,0.0387888067146182,NonInhibitory,Proteobacteria,390,,3,1
Mada.3438,Deinococci,571,,2,0,2,0,0,0,100,0,0,0.14640792082766801,Inhibitory,[Thermi],571,,NA,NA
Mada.3443,Alphaproteobacteria,500,,9,0,7,0,0,0,77.77777777777779,0,0,0.009594243810637363,Facilitating,Proteobacteria,500,,NA,NA
Mada.3456,Actinobacteria,146,,13,1,11,0,1,7.6923076923076925,84.61538461538461,0,7.6923076923076925,0.009594243810637363,NonInhibitory,Actinobacteria,146,,NA,NA
Mada.3458,Alphaproteobacteria,501,,2,0,2,0,0,0,100,0,0,0.01915019210494203,NonInhibitory,Proteobacteria,501,,NA,NA
Mada.346,Actinobacteria,502,,6,1,5,0,0,16.666666666666664,83.33333333333334,0,0,0.019249182349643845,Inhibitory,Actinobacteria,502,,2,2
Mada.3464,Gammaproteobacteria,78,,9,6,2,1,0,66.66666666666666,22.22222222222222,11.11111111111111,0,0.009594243810637363,Inhibitory,Proteobacteria,78,,7,1
Mada.3465,Actinobacteria,156,,1,1,0,0,0,100,0,0,0,0.009594243810637363,NonInhibitory,Actinobacteria,156,,NA,NA
Mada.3466,Actinobacteria,164,,7,7,0,0,0,100,0,0,0,0.019249182349643845,Inhibitory,Actinobacteria,164,,NA,NA
Mada.3473,Gammaproteobacteria,127,,6,5,1,0,0,83.33333333333334,16.666666666666664,0,0,0.0801381050725031,Inhibitory,Proteobacteria,127,,NA,NA
Mada.3476,Betaproteobacteria,81,,1,1,0,0,0,100,0,0,0,0.028904983265281455,Inhibitory,Proteobacteria,81,,NA,NA
Mada.3479,Alphaproteobacteria,1149,,1,1,0,0,0,100,0,0,0,0.0387888067146182,Inhibitory,Proteobacteria,1149,,NA,NA
Mada.3485,Flavobacteriia,165,,1,0,1,0,0,0,100,0,0,0.019249182349643845,Inhibitory,Bacteroidetes,165,,NA,NA
Mada.349,Actinobacteria,503,,1,1,0,0,0,100,0,0,0,0.009594243810637363,Contam,Actinobacteria,503,,NA,NA
Mada.3496,Bacilli,67,,2,2,0,0,0,100,0,0,0,0.009594243810637363,NonInhibitory,Firmicutes,67,,NA,NA
Mada.350,Actinobacteria,518,,28,9,19,0,0,32.142857142857146,67.85714285714286,0,0,0.019249182349643845,NonInhibitory,Actinobacteria,518,,9,4
Mada.3501,Actinobacteria,229,,1,1,0,0,0,100,0,0,0,0.009594243810637363,NonInhibitory,Actinobacteria,229,,NA,NA
Mada.3504,Actinobacteria,230,,5,4,1,0,0,80,20,0,0,0.009594243810637363,Inhibitory,Actinobacteria,230,,NA,NA
Mada.351,Alphaproteobacteria,875,,1,0,1,0,0,0,100,0,0,0.01915019210494203,NonInhibitory,Proteobacteria,875,,NA,NA
Mada.3528,Actinobacteria,174,,1,1,0,0,0,100,0,0,0,0.009503747346305609,Inhibitory,Actinobacteria,174,,NA,NA
Mada.3532,Actinobacteria,1206,,1,0,1,0,0,0,100,0,0,0.009594243810637363,Facilitating,Actinobacteria,1206,,NA,NA
Mada.3534,Alphaproteobacteria,1084,,2,0,0,0,0,0,0,0,0,0.01915019210494203,NonInhibitory,Proteobacteria,1084,,NA,NA
Mada.3537,Flavobacteriia,167,,3,3,0,0,0,100,0,0,0,0.019249182349643845,Inhibitory,Bacteroidetes,167,,NA,NA
Mada.3539,Actinobacteria,573,,1,0,1,0,0,0,100,0,0,0.019249182349643845,NonInhibitory,Actinobacteria,573,,NA,NA
Mada.3541,Actinobacteria,232,,4,0,2,2,0,0,50,50,0,0.009594243810637363,NonInhibitory,Actinobacteria,232,,NA,NA
Mada.3550,Actinobacteria,158,,4,2,2,0,0,50,50,0,0,0.019249182349643845,NonInhibitory,Actinobacteria,158,,NA,NA
Mada.3553,Actinobacteria,175,,3,2,1,0,0,66.66666666666666,33.33333333333333,0,0,0.009594243810637363,NonInhibitory,Actinobacteria,175,,NA,NA
Mada.3555,Actinobacteria,159,,14,0,14,0,0,0,100,0,0,0.009594243810637363,NonInhibitory,Actinobacteria,159,,NA,NA
Mada.3559,Actinobacteria,176,,3,2,0,1,0,66.66666666666666,0,33.33333333333333,0,0.019249182349643845,NonInhibitory,Actinobacteria,176,,NA,NA
Mada.3567,Actinobacteria,299,,2,1,1,0,0,50,50,0,0,0.009594243810637363,NonInhibitory,Actinobacteria,299,,NA,NA
Mada.3579,Actinobacteria,332,,1,0,1,0,0,0,100,0,0,0.019249182349643845,NonInhibitory,Actinobacteria,332,,NA,NA
Mada.3583,Alphaproteobacteria,831,,2,0,0,2,0,0,0,100,0,0.009503747346305609,Facilitating,Proteobacteria,831,,NA,NA
Mada.3586,Actinobacteria,1167,,1,0,0,1,0,0,0,100,0,0.019249182349643845,NonInhibitory,Actinobacteria,1167,,NA,NA
Mada.3597,Actinobacteria,119,,1,0,1,0,0,0,100,0,0,0.009594243810637363,NonInhibitory,Actinobacteria,119,,NA,NA
Mada.3601,Actinobacteria,300,,4,0,4,0,0,0,100,0,0,0.0488906813755334,NonInhibitory,Actinobacteria,300,,NA,NA
Mada.3615,Actinobacteria,334,,2,0,2,0,0,0,100,0,0,0.019249182349643845,NonInhibitory,Actinobacteria,334,,NA,NA
Mada.3622,Actinobacteria,272,,3,0,3,0,0,0,100,0,0,0.01915019210494203,NonInhibitory,Actinobacteria,272,,NA,NA
Mada.3625,Actinobacteria,1168,,1,0,0,1,0,0,0,100,0,0.019249182349643845,NonInhibitory,Actinobacteria,1168,,NA,NA
Mada.3646,Actinobacteria,316,,2,0,1,1,0,0,50,50,0,0.009594243810637363,NonInhibitory,Actinobacteria,316,,NA,NA
Mada.3652,Actinobacteria,302,,1,1,0,0,0,100,0,0,0,0.009503747346305609,Inhibitory,Actinobacteria,302,,NA,NA
Mada.3666,Flavobacteriia,15,,7,2,3,2,0,28.57142857142857,42.857142857142854,28.57142857142857,0,0.009594243810637363,NA,Bacteroidetes,15,,2,2
Mada.3674,Bacilli,85,,1,0,1,0,0,0,100,0,0,0.058935623130406484,NonInhibitory,Firmicutes,85,,NA,NA
Mada.3676,Actinobacteria,303,,1,1,0,0,0,100,0,0,0,0.009594243810637363,NonInhibitory,Actinobacteria,303,,NA,NA
Mada.3684,Sphingobacteriia,2,,8,5,2,1,0,62.5,25,12.5,0,0.0488906813755334,Inhibitory,Bacteroidetes,2,,NA,NA
Mada.3694,Actinobacteria,916,,1,0,0,1,0,0,0,100,0,0.009594243810637363,NonInhibitory,Actinobacteria,916,,NA,NA
Mada.3695,Bacilli,50,,13,6,6,1,0,46.15384615384615,46.15384615384615,7.6923076923076925,0,0.009594243810637363,Inhibitory,Firmicutes,50,,NA,NA
Mada.3705,Actinobacteria,366,,4,3,1,0,0,75,25,0,0,0.009594243810637363,Inhibitory,Actinobacteria,366,,NA,NA
Mada.3707,Flavobacteriia,16,,2,1,0,1,0,50,0,50,0,0.019249182349643845,Inhibitory,Bacteroidetes,16,,NA,NA
Mada.3712,Actinobacteria,177,,2,2,0,0,0,100,0,0,0,0.009594243810637363,NonInhibitory,Actinobacteria,177,,2,1
Mada.3714,Actinobacteria,978,,5,0,0,5,0,0,0,100,0,0.009594243810637363,Inhibitory,Actinobacteria,978,,NA,NA
Mada.3726,Flavobacteriia,8,,1,0,1,0,0,0,100,0,0,NA,NonInhibitory,Bacteroidetes,8,,NA,NA
Mada.3735,Actinobacteria,197,,1,0,1,0,0,0,100,0,0,0.019249182349643845,NonInhibitory,Actinobacteria,197,,NA,NA
Mada.3738,Actinobacteria,187,,6,0,4,2,0,0,66.66666666666666,33.33333333333333,0,0.009594243810637363,NonInhibitory,Actinobacteria,187,,NA,NA
Mada.3747,Actinobacteria,575,,4,3,1,0,0,75,25,0,0,0.019249182349643845,NA,Actinobacteria,575,,3,1
Mada.3759,Actinobacteria,178,,1,1,0,0,0,100,0,0,0,0.009594243810637363,Inhibitory,Actinobacteria,178,,NA,NA
Mada.3760,Actinobacteria,238,,1,0,1,0,0,0,100,0,0,0.009594243810637363,NonInhibitory,Actinobacteria,238,,NA,NA
Mada.3762,Actinobacteria,188,,4,3,1,0,0,75,25,0,0,0.009594243810637363,Inhibitory,Actinobacteria,188,,4,1
Mada.3775,Actinobacteria,199,,2,0,2,0,0,0,100,0,0,0.019249182349643845,Inhibitory,Actinobacteria,199,,NA,NA
Mada.3777,Actinobacteria,200,,3,2,1,0,0,66.66666666666666,33.33333333333333,0,0,0.009594243810637363,Inhibitory,Actinobacteria,200,,NA,NA
Mada.3783,Actinobacteria,201,,2,1,1,0,0,50,50,0,0,0.009594243810637363,Inhibitory,Actinobacteria,201,,2,1
Mada.3788,Actinobacteria,577,,1,0,0,1,0,0,0,100,0,0.009654938539006484,Inhibitory,Actinobacteria,577,,NA,NA
Mada.3796,Bacilli,578,,1,0,1,0,0,0,100,0,0,0.058935623130406484,NonInhibitory,Firmicutes,578,,NA,NA
Mada.38,Actinobacteria,579,,2,0,2,0,0,0,100,0,0,0.019249182349643845,NonInhibitory,Actinobacteria,579,,NA,NA
Mada.3821,Actinobacteria,758,,1,0,1,0,0,0,100,0,0,0.009594243810637363,NonInhibitory,Actinobacteria,758,,NA,NA
Mada.3825,Actinobacteria,760,,13,10,2,0,1,76.92307692307693,15.384615384615385,0,7.6923076923076925,0.019249182349643845,Inhibitory,Actinobacteria,760,,NA,NA
Mada.3828,Alphaproteobacteria,273,,1,0,1,0,0,0,100,0,0,0.009503747346305609,NonInhibitory,Proteobacteria,273,,NA,NA
Mada.3830,Alphaproteobacteria,248,,3,0,3,0,0,0,100,0,0,0.01915019210494203,NonInhibitory,Proteobacteria,248,,NA,NA
Mada.3835,Alphaproteobacteria,262,,1,0,1,0,0,0,100,0,0,0.01915019210494203,NonInhibitory,Proteobacteria,262,,NA,NA
Mada.384,Flavobacteriia,955,,2,2,0,0,0,100,0,0,0,0.019249182349643845,Inhibitory,Bacteroidetes,955,,NA,NA
Mada.3843,Alphaproteobacteria,234,,12,2,10,0,0,16.666666666666664,83.33333333333334,0,0,0.009503747346305609,NonInhibitory,Proteobacteria,234,,2,2
Mada.3847,Alphaproteobacteria,254,,53,6,42,4,0,11.320754716981133,79.24528301886792,7.547169811320755,0,0.009594243810637363,NonInhibitory,Proteobacteria,254,,6,8
Mada.3851,Bacilli,285,,1,0,1,0,0,0,100,0,0,0.058935623130406484,NA,Firmicutes,285,,NA,NA
Mada.3852,Alphaproteobacteria,263,,22,18,3,0,1,81.81818181818183,13.636363636363635,0,4.545454545454546,0.0387888067146182,NonInhibitory,Proteobacteria,263,,18,2
Mada.3853,Actinobacteria,761,,32,6,23,3,0,18.75,71.875,9.375,0,0.019249182349643845,NonInhibitory,Actinobacteria,761,,6,4
Mada.3854,Alphaproteobacteria,255,,3,0,2,1,0,0,66.66666666666666,33.33333333333333,0,0.009594243810637363,Inhibitory,Proteobacteria,255,,1,2
Mada.3866,Actinobacteria,764,,1,0,1,0,0,0,100,0,0,0.009594243810637363,NonInhibitory,Actinobacteria,764,,NA,NA
Mada.387,Actinobacteria,964,,1,1,0,0,0,100,0,0,0,0.009654938539006484,Inhibitory,Actinobacteria,964,,NA,NA
Mada.3902,Actinobacteria,581,,6,4,2,0,0,66.66666666666666,33.33333333333333,0,0,0.019249182349643845,NA,Actinobacteria,581,,4,2
Mada.3917,Gammaproteobacteria,181,,3,1,0,2,0,33.33333333333333,0,66.66666666666666,0,0.039573998201307706,NA,Proteobacteria,181,,NA,NA
Mada.392,Bacilli,931,,1,1,0,0,0,100,0,0,0,0.009594243810637363,Inhibitory,Firmicutes,931,,NA,NA
Mada.3920,Gammaproteobacteria,133,,10,1,0,9,0,10,0,90,0,0.019249182349643845,NA,Proteobacteria,133,,NA,NA
Mada.3932,Gammaproteobacteria,1318,,1,0,0,1,0,0,0,100,0,0.039573998201307706,NA,Proteobacteria,1318,,NA,NA
Mada.3933,Gammaproteobacteria,148,,3,1,1,1,0,33.33333333333333,33.33333333333333,33.33333333333333,0,0.009594243810637363,NA,Proteobacteria,148,,NA,NA
Mada.3953,Actinobacteria,1334,,1,0,0,1,0,0,0,100,0,0.009594243810637363,NA,Actinobacteria,1334,,NA,NA
Mada.3958,Actinobacteria,120,,1,0,0,1,0,0,0,100,0,0.029192696292616824,NA,Actinobacteria,120,,NA,NA
Mada.3964,Actinobacteria,1335,,1,0,0,1,0,0,0,100,0,0.009654938539006484,NA,Actinobacteria,1335,,NA,NA
Mada.397,Alphaproteobacteria,1221,,3,3,0,0,0,100,0,0,0,0.009503747346305609,Inhibitory,Proteobacteria,1221,,NA,NA
Mada.3996,Actinobacteria,1336,,1,0,0,1,0,0,0,100,0,0.009594243810637363,NA,Actinobacteria,1336,,NA,NA
Mada.4007,Bacilli,584,,2,0,0,2,0,0,0,100,0,0.02894563882396223,NA,Firmicutes,584,,NA,NA
Mada.4009,Gammaproteobacteria,110,,5,0,0,5,0,0,0,100,0,0.019249182349643845,NA,Proteobacteria,110,,NA,NA
Mada.4012,Actinobacteria,585,,1,1,0,0,0,100,0,0,0,0.009594243810637363,NA,Actinobacteria,585,,NA,NA
Mada.4015,Alphaproteobacteria,586,,1,0,0,1,0,0,0,100,0,0.0387888067146182,NA,Proteobacteria,586,,NA,NA
Mada.4024,Actinobacteria,589,,1,0,0,1,0,0,0,100,0,0.009594243810637363,NA,Actinobacteria,589,,NA,NA
Mada.403,Actinobacteria,973,,1,1,0,0,0,100,0,0,0,0.009594243810637363,NonInhibitory,Actinobacteria,973,,NA,NA
Mada.4033,Actinobacteria,591,,2,2,0,0,0,100,0,0,0,0.019249182349643845,NA,Actinobacteria,591,,NA,NA
Mada.4035,Gammaproteobacteria,592,,1,1,0,0,0,100,0,0,0,0.009594243810637363,NA,Proteobacteria,592,,NA,NA
Mada.4036,Actinobacteria,593,,1,0,1,0,0,0,100,0,0,0.019249182349643845,NA,Actinobacteria,593,,NA,NA
Mada.4050,Gammaproteobacteria,111,,1,0,0,1,0,0,0,100,0,0.019249182349643845,NA,Proteobacteria,111,,NA,NA
Mada.4065,Actinobacteria,112,,10,0,0,10,0,0,0,100,0,0.009594243810637363,NA,Actinobacteria,112,,NA,NA
Mada.407,Flavobacteriia,595,,1,1,0,0,0,100,0,0,0,0.05897387090442588,Contam,Bacteroidetes,595,,NA,NA
Mada.4099,Actinobacteria,597,,6,4,1,1,0,66.66666666666666,16.666666666666664,16.666666666666664,0,0.009594243810637363,NA,Actinobacteria,597,,NA,NA
Mada.41,Flavobacteriia,598,,3,2,0,0,1,66.66666666666666,0,0,33.33333333333333,0.019249182349643845,Inhibitory,Bacteroidetes,598,,NA,NA
Mada.412,Actinobacteria,818,,1,1,0,0,0,100,0,0,0,0.009594243810637363,NonInhibitory,Actinobacteria,818,,NA,NA
Mada.4123,Actinobacteria,603,,1,0,0,1,0,0,0,100,0,0.009594243810637363,NA,Actinobacteria,603,,NA,NA
Mada.4128,Actinobacteria,604,,5,2,3,0,0,40,60,0,0,0.009594243810637363,NA,Actinobacteria,604,,2,2
Mada.4131,Alphaproteobacteria,607,,3,1,1,1,0,33.33333333333333,33.33333333333333,33.33333333333333,0,0.0387888067146182,NA,Proteobacteria,607,,NA,NA
Mada.4132,Actinobacteria,608,,5,3,1,1,0,60,20,20,0,0.009594243810637363,NA,Actinobacteria,608,,NA,NA
Mada.4146,Sphingobacteriia,1125,,2,0,0,2,0,0,0,100,0,0.0488906813755334,NA,Bacteroidetes,1125,,NA,NA
Mada.4154,Actinobacteria,614,,2,0,0,2,0,0,0,100,0,0.009594243810637363,NA,Actinobacteria,614,,NA,NA
Mada.4158,Actinobacteria,616,,1,0,0,1,0,0,0,100,0,0.009594243810637363,NA,Actinobacteria,616,,NA,NA
Mada.4164,Actinobacteria,618,,1,1,0,0,0,100,0,0,0,0.019249182349643845,NA,Actinobacteria,618,,NA,NA
Mada.4171,Actinobacteria,622,,8,0,4,4,0,0,50,50,0,0.02894563882396223,NA,Actinobacteria,622,,NA,NA
Mada.4179,Alphaproteobacteria,1350,,1,0,0,1,0,0,0,100,0,0.009503747346305609,NA,Proteobacteria,1350,,NA,NA
Mada.4180,Actinobacteria,626,,1,0,0,1,0,0,0,100,0,0.009594243810637363,NA,Actinobacteria,626,,NA,NA
Mada.4185,Actinobacteria,628,,6,1,1,4,0,16.666666666666664,16.666666666666664,66.66666666666666,0,0.019249182349643845,NA,Actinobacteria,628,,NA,NA
Mada.4189,Alphaproteobacteria,748,,3,0,1,2,0,0,33.33333333333333,66.66666666666666,0,0.009503747346305609,NA,Proteobacteria,748,,NA,NA
Mada.4190,Actinobacteria,277,,1,0,0,1,0,0,0,100,0,0.009594243810637363,NA,Actinobacteria,277,,NA,NA
Mada.4193,Actinobacteria,630,,1,1,0,0,0,100,0,0,0,0.05909181713579422,NA,Actinobacteria,630,,NA,NA
Mada.4209,Alphaproteobacteria,632,,2,0,2,0,0,0,100,0,0,0.009594243810637363,NA,Proteobacteria,632,,NA,NA
Mada.423,Bacilli,281,,9,3,5,0,0,33.33333333333333,55.55555555555556,0,0,0.009594243810637363,Inhibitory,Firmicutes,281,,4,1
Mada.4233,Actinobacteria,644,,1,0,0,1,0,0,0,100,0,0.009594243810637363,NA,Actinobacteria,644,,NA,NA
Mada.4234,Actinobacteria,645,,1,0,0,1,0,0,0,100,0,0.009594243810637363,NA,Actinobacteria,645,,NA,NA
Mada.4236,Actinobacteria,393,,2,0,0,2,0,0,0,100,0,0.009594243810637363,NA,Actinobacteria,393,,NA,NA
Mada.4237,Alphaproteobacteria,794,,1,0,0,1,0,0,0,100,0,0.01915019210494203,NA,Proteobacteria,794,,NA,NA
Mada.4242,Alphaproteobacteria,394,,1,0,0,1,0,0,0,100,0,0.009503747346305609,NA,Proteobacteria,394,,NA,NA
Mada.4245,Actinobacteria,204,,2,1,0,1,0,50,0,50,0,0.009594243810637363,NA,Actinobacteria,204,,NA,NA
Mada.4301,Flavobacteriia,208,,1,1,0,0,0,100,0,0,0,0.009503747346305609,Inhibitory,Bacteroidetes,208,,NA,NA
Mada.4306,Flavobacteriia,786,,2,2,0,0,0,100,0,0,0,0.019249182349643845,Inhibitory,Bacteroidetes,786,,NA,NA
Mada.4313,Flavobacteriia,136,,3,3,0,0,0,100,0,0,0,0.009503747346305609,Inhibitory,Bacteroidetes,136,,NA,NA
Mada.4320,Actinobacteria,218,,2,0,1,1,0,0,50,50,0,0.01978067940509681,NonInhibitory,Actinobacteria,218,,NA,NA
Mada.4328,Alphaproteobacteria,740,,2,1,1,0,0,50,50,0,0,0.028904983265281455,NonInhibitory,Proteobacteria,740,,NA,NA
Mada.4332,Actinobacteria,355,,1,0,1,0,0,0,100,0,0,0.009594243810637363,NonInhibitory,Actinobacteria,355,,NA,NA
Mada.4334,Actinobacteria,459,,5,0,0,5,0,0,0,100,0,0.009594243810637363,NonInhibitory,Actinobacteria,459,,NA,NA
Mada.434,Actinobacteria,657,,1,0,1,0,0,0,100,0,0,NA,Inhibitory,Actinobacteria,657,,NA,NA
Mada.449,Alphaproteobacteria,661,,1,0,1,0,0,0,100,0,0,0.01915019210494203,NA,Proteobacteria,661,,NA,NA
Mada.451,Actinobacteria,662,,2,0,2,0,0,0,100,0,0,0.009594243810637363,NA,Actinobacteria,662,,NA,NA
Mada.452,Alphaproteobacteria,663,,4,2,2,0,0,50,50,0,0,0.009503747346305609,NonInhibitory,Proteobacteria,663,,2,1
Mada.454,Actinobacteria,664,,1,1,0,0,0,100,0,0,0,NA,NonInhibitory,Actinobacteria,664,,NA,NA
Mada.457,Gammaproteobacteria,665,,1,1,0,0,0,100,0,0,0,0.019249182349643845,Inhibitory,Proteobacteria,665,,NA,NA
Mada.466,Actinobacteria,668,,2,1,1,0,0,50,50,0,0,0.009594243810637363,Inhibitory,Actinobacteria,668,,2,1
Mada.494,Actinobacteria,671,,5,2,3,0,0,40,60,0,0,0.019249182349643845,Inhibitory,Actinobacteria,671,,3,2
Mada.53,Gammaproteobacteria,673,,1,1,0,0,0,100,0,0,0,0.019249182349643845,NonInhibitory,Proteobacteria,673,,NA,NA
Mada.542,Actinobacteria,675,,1,0,1,0,0,0,100,0,0,0.009594243810637363,NonInhibitory,Actinobacteria,675,,NA,NA
Mada.553,Actinobacteria,974,,1,0,1,0,0,0,100,0,0,0.0387888067146182,NonInhibitory,Actinobacteria,974,,NA,NA
Mada.581,Betaproteobacteria,680,,2,1,0,0,0,50,0,0,0,0.009594243810637363,Inhibitory,Proteobacteria,680,,NA,NA
Mada.614,Bacilli,685,,1,1,0,0,0,100,0,0,0,0.009594243810637363,Inhibitory,Firmicutes,685,,NA,NA
Mada.637,Gammaproteobacteria,802,,2,1,1,0,0,50,50,0,0,0.039573998201307706,Inhibitory,Proteobacteria,802,,2,1
Mada.648,Actinobacteria,691,,1,0,1,0,0,0,100,0,0,0.009594243810637363,NonInhibitory,Actinobacteria,691,,NA,NA
Mada.65,Gammaproteobacteria,692,,2,2,0,0,0,100,0,0,0,0.019249182349643845,Inhibitory,Proteobacteria,692,,NA,NA
Mada.66,Gammaproteobacteria,694,,1,1,0,0,0,100,0,0,0,0.039573998201307706,NonInhibitory,Proteobacteria,694,,NA,NA
Mada.671,Actinobacteria,696,,2,0,2,0,0,0,100,0,0,0.009594243810637363,NA,Actinobacteria,696,,NA,NA
Mada.68,Actinobacteria,697,,10,10,0,0,0,100,0,0,0,0.951360317565104,NonInhibitory,Actinobacteria,697,,NA,NA
Mada.715,Bacilli,700,,5,0,3,2,0,0,60,40,0,0.009594243810637363,NonInhibitory,Firmicutes,700,,NA,NA
Mada.716,Gammaproteobacteria,701,,1,1,0,0,0,100,0,0,0,0.039573998201307706,Inhibitory,Proteobacteria,701,,NA,NA
Mada.723,Gammaproteobacteria,702,,1,0,1,0,0,0,100,0,0,0.019249182349643845,NonInhibitory,Proteobacteria,702,,NA,NA
Mada.729,Actinobacteria,704,,1,0,1,0,0,0,100,0,0,0.009594243810637363,NonInhibitory,Actinobacteria,704,,NA,NA
Mada.731,Actinobacteria,705,,3,2,1,0,0,66.66666666666666,33.33333333333333,0,0,0.009503747346305609,Inhibitory,Actinobacteria,705,,NA,NA
Mada.739,Actinobacteria,707,,1,1,0,0,0,100,0,0,0,0.009503747346305609,NonInhibitory,Actinobacteria,707,,NA,NA
Mada.740,Actinobacteria,708,,5,3,2,0,0,60,40,0,0,0.009594243810637363,Inhibitory,Actinobacteria,708,,4,1
Mada.758,Actinobacteria,709,,1,0,1,0,0,0,100,0,0,0.009503747346305609,NonInhibitory,Actinobacteria,709,,NA,NA
Mada.811,Actinobacteria,752,,1,1,0,0,0,100,0,0,0,0.009503747346305609,Inhibitory,Actinobacteria,752,,NA,NA
Mada.834,Actinobacteria,716,,1,0,0,0,0,0,0,0,0,0.019249182349643845,Inhibitory,Actinobacteria,716,,NA,NA
Mada.918,Actinobacteria,725,,1,1,0,0,0,100,0,0,0,0.019249182349643845,Inhibitory,Actinobacteria,725,,NA,NA
Mada.929,Actinobacteria,727,,2,0,2,0,0,0,100,0,0,0.009594243810637363,NonInhibitory,Actinobacteria,727,,NA,NA
Mada.930,Actinobacteria,729,,1,1,0,0,0,100,0,0,0,0.009503747346305609,Inhibitory,Actinobacteria,729,,NA,NA
Mada.97,Actinobacteria,733,,1,0,1,0,0,0,100,0,0,0.009503747346305609,NonInhibitory,Actinobacteria,733,,NA,NA
Mada.984,Alphaproteobacteria,735,,1,0,1,0,0,0,100,0,0,0.0387888067146182,Inhibitory,Proteobacteria,735,,NA,NA
